{
  "nodes": 1139,
  "edges": 2164,
  "components_count": 160,
  "largest_component_size": 853,
  "avg_in_degree": 1.8999122036874452,
  "avg_out_degree": 1.8999122036874452
}