{
  "nodes": 2264,
  "edges": 3763,
  "components_count": 253,
  "largest_component_size": 1866,
  "avg_in_degree": 1.6621024734982333,
  "avg_out_degree": 1.6621024734982333
}